Version,1
Sampling cycle,1000us
Out count,1
Data count,3402
First index,256367

,OUT01
Display unit,0.0001mm
Upper limit,5.0000mm
Lower limit,-5.0000mm

Trigger count,OUT01(mm),
256367,-1.8189,GO
256368,-1.8194,GO
256369,-1.8196,GO
256370,-1.8196,GO
256371,-1.8199,GO
256372,-1.8196,GO
256373,-1.8199,GO
256374,-1.8202,GO
256375,-1.8202,GO
256376,-1.8204,GO
256377,-1.8204,GO
256378,-1.8204,GO
256379,-1.8204,GO
256380,-1.8202,GO
256381,-1.8202,GO
256382,-1.8202,GO
256383,-1.8199,GO
256384,-1.8202,GO
256385,-1.8199,GO
256386,-1.8196,GO
256387,-1.8199,GO
256388,-1.8194,GO
256389,-1.8194,GO
256390,-1.8189,GO
256391,-1.8186,GO
256392,-1.8184,GO
256393,-1.8181,GO
256394,-1.8179,GO
256395,-1.8176,GO
256396,-1.8173,GO
256397,-1.8171,GO
256398,-1.8168,GO
256399,-1.8163,GO
256400,-1.8158,GO
256401,-1.8156,GO
256402,-1.8153,GO
256403,-1.8153,GO
256404,-1.8150,GO
256405,-1.8150,GO
256406,-1.8150,GO
256407,-1.8148,GO
256408,-1.8148,GO
256409,-1.8148,GO
256410,-1.8145,GO
256411,-1.8145,GO
256412,-1.8145,GO
256413,-1.8145,GO
256414,-1.8145,GO
256415,-1.8145,GO
256416,-1.8145,GO
256417,-1.8145,GO
256418,-1.8148,GO
256419,-1.8148,GO
256420,-1.8150,GO
256421,-1.8153,GO
256422,-1.8156,GO
256423,-1.8158,GO
256424,-1.8161,GO
256425,-1.8161,GO
256426,-1.8163,GO
256427,-1.8168,GO
256428,-1.8173,GO
256429,-1.8176,GO
256430,-1.8179,GO
256431,-1.8181,GO
256432,-1.8184,GO
256433,-1.8189,GO
256434,-1.8191,GO
256435,-1.8191,GO
256436,-1.8194,GO
256437,-1.8196,GO
256438,-1.8196,GO
256439,-1.8199,GO
256440,-1.8202,GO
256441,-1.8204,GO
256442,-1.8207,GO
256443,-1.8207,GO
256444,-1.8209,GO
256445,-1.8207,GO
256446,-1.8207,GO
256447,-1.8204,GO
256448,-1.8199,GO
256449,-1.8199,GO
256450,-1.8199,GO
256451,-1.8196,GO
256452,-1.8196,GO
256453,-1.8191,GO
256454,-1.8186,GO
256455,-1.8184,GO
256456,-1.8179,GO
256457,-1.8176,GO
256458,-1.8173,GO
256459,-1.8171,GO
256460,-1.8166,GO
256461,-1.8163,GO
256462,-1.8158,GO
256463,-1.8156,GO
256464,-1.8153,GO
256465,-1.8148,GO
256466,-1.8148,GO
256467,-1.8145,GO
256468,-1.8143,GO
256469,-1.8143,GO
256470,-1.8143,GO
256471,-1.8143,GO
256472,-1.8143,GO
256473,-1.8143,GO
256474,-1.8140,GO
256475,-1.8140,GO
256476,-1.8140,GO
256477,-1.8143,GO
256478,-1.8145,GO
256479,-1.8145,GO
256480,-1.8150,GO
256481,-1.8153,GO
256482,-1.8158,GO
256483,-1.8161,GO
256484,-1.8163,GO
256485,-1.8166,GO
256486,-1.8168,GO
256487,-1.8173,GO
256488,-1.8179,GO
256489,-1.8184,GO
256490,-1.8189,GO
256491,-1.8191,GO
256492,-1.8196,GO
256493,-1.8199,GO
256494,-1.8204,GO
256495,-1.8207,GO
256496,-1.8209,GO
256497,-1.8212,GO
256498,-1.8212,GO
256499,-1.8214,GO
256500,-1.8217,GO
256501,-1.8217,GO
256502,-1.8220,GO
256503,-1.8220,GO
256504,-1.8220,GO
256505,-1.8222,GO
256506,-1.8222,GO
256507,-1.8220,GO
256508,-1.8220,GO
256509,-1.8220,GO
256510,-1.8217,GO
256511,-1.8217,GO
256512,-1.8214,GO
256513,-1.8214,GO
256514,-1.8212,GO
256515,-1.8209,GO
256516,-1.8207,GO
256517,-1.8204,GO
256518,-1.8202,GO
256519,-1.8199,GO
256520,-1.8194,GO
256521,-1.8191,GO
256522,-1.8189,GO
256523,-1.8189,GO
256524,-1.8186,GO
256525,-1.8184,GO
256526,-1.8181,GO
256527,-1.8179,GO
256528,-1.8179,GO
256529,-1.8176,GO
256530,-1.8173,GO
256531,-1.8171,GO
256532,-1.8168,GO
256533,-1.8168,GO
256534,-1.8168,GO
256535,-1.8168,GO
256536,-1.8168,GO
256537,-1.8168,GO
256538,-1.8168,GO
256539,-1.8168,GO
256540,-1.8168,GO
256541,-1.8168,GO
256542,-1.8168,GO
256543,-1.8168,GO
256544,-1.8168,GO
256545,-1.8168,GO
256546,-1.8168,GO
256547,-1.8168,GO
256548,-1.8171,GO
256549,-1.8171,GO
256550,-1.8171,GO
256551,-1.8171,GO
256552,-1.8171,GO
256553,-1.8173,GO
256554,-1.8173,GO
256555,-1.8176,GO
256556,-1.8176,GO
256557,-1.8176,GO
256558,-1.8179,GO
256559,-1.8179,GO
256560,-1.8179,GO
256561,-1.8176,GO
256562,-1.8176,GO
256563,-1.8176,GO
256564,-1.8176,GO
256565,-1.8176,GO
256566,-1.8176,GO
256567,-1.8176,GO
256568,-1.8176,GO
256569,-1.8176,GO
256570,-1.8176,GO
256571,-1.8176,GO
256572,-1.8176,GO
256573,-1.8173,GO
256574,-1.8173,GO
256575,-1.8173,GO
256576,-1.8171,GO
256577,-1.8168,GO
256578,-1.8168,GO
256579,-1.8168,GO
256580,-1.8166,GO
256581,-1.8168,GO
256582,-1.8166,GO
256583,-1.8163,GO
256584,-1.8163,GO
256585,-1.8161,GO
256586,-1.8161,GO
256587,-1.8158,GO
256588,-1.8161,GO
256589,-1.8161,GO
256590,-1.8158,GO
256591,-1.8161,GO
256592,-1.8158,GO
256593,-1.8161,GO
256594,-1.8161,GO
256595,-1.8161,GO
256596,-1.8158,GO
256597,-1.8158,GO
256598,-1.8153,GO
256599,-1.8156,GO
256600,-1.8156,GO
256601,-1.8158,GO
256602,-1.8158,GO
256603,-1.8158,GO
256604,-1.8158,GO
256605,-1.8161,GO
256606,-1.8163,GO
256607,-1.8163,GO
256608,-1.8163,GO
256609,-1.8163,GO
256610,-1.8163,GO
256611,-1.8166,GO
256612,-1.8168,GO
256613,-1.8168,GO
256614,-1.8168,GO
256615,-1.8168,GO
256616,-1.8168,GO
256617,-1.8171,GO
256618,-1.8173,GO
256619,-1.8173,GO
256620,-1.8173,GO
256621,-1.8176,GO
256622,-1.8179,GO
256623,-1.8179,GO
256624,-1.8179,GO
256625,-1.8179,GO
256626,-1.8179,GO
256627,-1.8181,GO
256628,-1.8181,GO
256629,-1.8184,GO
256630,-1.8181,GO
256631,-1.8181,GO
256632,-1.8181,GO
256633,-1.8179,GO
256634,-1.8181,GO
256635,-1.8181,GO
256636,-1.8181,GO
256637,-1.8181,GO
256638,-1.8181,GO
256639,-1.8181,GO
256640,-1.8181,GO
256641,-1.8179,GO
256642,-1.8179,GO
256643,-1.8179,GO
256644,-1.8179,GO
256645,-1.8181,GO
256646,-1.8181,GO
256647,-1.8181,GO
256648,-1.8181,GO
256649,-1.8181,GO
256650,-1.8181,GO
256651,-1.8179,GO
256652,-1.8181,GO
256653,-1.8181,GO
256654,-1.8184,GO
256655,-1.8184,GO
256656,-1.8184,GO
256657,-1.8186,GO
256658,-1.8186,GO
256659,-1.8186,GO
256660,-1.8186,GO
256661,-1.8186,GO
256662,-1.8186,GO
256663,-1.8189,GO
256664,-1.8189,GO
256665,-1.8189,GO
256666,-1.8186,GO
256667,-1.8186,GO
256668,-1.8186,GO
256669,-1.8186,GO
256670,-1.8186,GO
256671,-1.8186,GO
256672,-1.8184,GO
256673,-1.8184,GO
256674,-1.8184,GO
256675,-1.8181,GO
256676,-1.8181,GO
256677,-1.8179,GO
256678,-1.8176,GO
256679,-1.8176,GO
256680,-1.8173,GO
256681,-1.8173,GO
256682,-1.8171,GO
256683,-1.8168,GO
256684,-1.8168,GO
256685,-1.8168,GO
256686,-1.8166,GO
256687,-1.8166,GO
256688,-1.8166,GO
256689,-1.8166,GO
256690,-1.8166,GO
256691,-1.8166,GO
256692,-1.8166,GO
256693,-1.8163,GO
256694,-1.8163,GO
256695,-1.8163,GO
256696,-1.8163,GO
256697,-1.8166,GO
256698,-1.8166,GO
256699,-1.8166,GO
256700,-1.8166,GO
256701,-1.8168,GO
256702,-1.8168,GO
256703,-1.8168,GO
256704,-1.8168,GO
256705,-1.8171,GO
256706,-1.8171,GO
256707,-1.8173,GO
256708,-1.8173,GO
256709,-1.8176,GO
256710,-1.8176,GO
256711,-1.8176,GO
256712,-1.8173,GO
256713,-1.8173,GO
256714,-1.8173,GO
256715,-1.8171,GO
256716,-1.8168,GO
256717,-1.8168,GO
256718,-1.8166,GO
256719,-1.8166,GO
256720,-1.8163,GO
256721,-1.8163,GO
256722,-1.8163,GO
256723,-1.8161,GO
256724,-1.8158,GO
256725,-1.8156,GO
256726,-1.8156,GO
256727,-1.8156,GO
256728,-1.8153,GO
256729,-1.8156,GO
256730,-1.8153,GO
256731,-1.8150,GO
256732,-1.8153,GO
256733,-1.8153,GO
256734,-1.8153,GO
256735,-1.8153,GO
256736,-1.8153,GO
256737,-1.8153,GO
256738,-1.8156,GO
256739,-1.8158,GO
256740,-1.8161,GO
256741,-1.8163,GO
256742,-1.8166,GO
256743,-1.8166,GO
256744,-1.8171,GO
256745,-1.8171,GO
256746,-1.8176,GO
256747,-1.8181,GO
256748,-1.8184,GO
256749,-1.8186,GO
256750,-1.8191,GO
256751,-1.8191,GO
256752,-1.8196,GO
256753,-1.8199,GO
256754,-1.8199,GO
256755,-1.8202,GO
256756,-1.8204,GO
256757,-1.8209,GO
256758,-1.8212,GO
256759,-1.8212,GO
256760,-1.8214,GO
256761,-1.8214,GO
256762,-1.8214,GO
256763,-1.8214,GO
256764,-1.8214,GO
256765,-1.8214,GO
256766,-1.8214,GO
256767,-1.8212,GO
256768,-1.8212,GO
256769,-1.8209,GO
256770,-1.8209,GO
256771,-1.8209,GO
256772,-1.8207,GO
256773,-1.8204,GO
256774,-1.8204,GO
256775,-1.8202,GO
256776,-1.8199,GO
256777,-1.8196,GO
256778,-1.8191,GO
256779,-1.8189,GO
256780,-1.8184,GO
256781,-1.8181,GO
256782,-1.8176,GO
256783,-1.8171,GO
256784,-1.8171,GO
256785,-1.8168,GO
256786,-1.8166,GO
256787,-1.8163,GO
256788,-1.8158,GO
256789,-1.8158,GO
256790,-1.8156,GO
256791,-1.8153,GO
256792,-1.8153,GO
256793,-1.8150,GO
256794,-1.8148,GO
256795,-1.8145,GO
256796,-1.8145,GO
256797,-1.8148,GO
256798,-1.8148,GO
256799,-1.8150,GO
256800,-1.8148,GO
256801,-1.8148,GO
256802,-1.8148,GO
256803,-1.8148,GO
256804,-1.8150,GO
256805,-1.8153,GO
256806,-1.8156,GO
256807,-1.8158,GO
256808,-1.8161,GO
256809,-1.8163,GO
256810,-1.8168,GO
256811,-1.8171,GO
256812,-1.8176,GO
256813,-1.8181,GO
256814,-1.8186,GO
256815,-1.8189,GO
256816,-1.8189,GO
256817,-1.8194,GO
256818,-1.8196,GO
256819,-1.8199,GO
256820,-1.8202,GO
256821,-1.8202,GO
256822,-1.8202,GO
256823,-1.8202,GO
256824,-1.8204,GO
256825,-1.8207,GO
256826,-1.8207,GO
256827,-1.8207,GO
256828,-1.8204,GO
256829,-1.8202,GO
256830,-1.8202,GO
256831,-1.8199,GO
256832,-1.8196,GO
256833,-1.8194,GO
256834,-1.8189,GO
256835,-1.8184,GO
256836,-1.8181,GO
256837,-1.8179,GO
256838,-1.8173,GO
256839,-1.8171,GO
256840,-1.8166,GO
256841,-1.8166,GO
256842,-1.8163,GO
256843,-1.8161,GO
256844,-1.8158,GO
256845,-1.8156,GO
256846,-1.8153,GO
256847,-1.8148,GO
256848,-1.8145,GO
256849,-1.8143,GO
256850,-1.8140,GO
256851,-1.8140,GO
256852,-1.8140,GO
256853,-1.8138,GO
256854,-1.8138,GO
256855,-1.8135,GO
256856,-1.8138,GO
256857,-1.8138,GO
256858,-1.8140,GO
256859,-1.8143,GO
256860,-1.8145,GO
256861,-1.8145,GO
256862,-1.8150,GO
256863,-1.8150,GO
256864,-1.8156,GO
256865,-1.8158,GO
256866,-1.8158,GO
256867,-1.8158,GO
256868,-1.8161,GO
256869,-1.8163,GO
256870,-1.8166,GO
256871,-1.8168,GO
256872,-1.8171,GO
256873,-1.8171,GO
256874,-1.8176,GO
256875,-1.8176,GO
256876,-1.8176,GO
256877,-1.8179,GO
256878,-1.8179,GO
256879,-1.8181,GO
256880,-1.8184,GO
256881,-1.8186,GO
256882,-1.8186,GO
256883,-1.8186,GO
256884,-1.8189,GO
256885,-1.8189,GO
256886,-1.8189,GO
256887,-1.8189,GO
256888,-1.8189,GO
256889,-1.8189,GO
256890,-1.8191,GO
256891,-1.8191,GO
256892,-1.8194,GO
256893,-1.8191,GO
256894,-1.8191,GO
256895,-1.8191,GO
256896,-1.8191,GO
256897,-1.8189,GO
256898,-1.8189,GO
256899,-1.8186,GO
256900,-1.8186,GO
256901,-1.8184,GO
256902,-1.8181,GO
256903,-1.8181,GO
256904,-1.8179,GO
256905,-1.8176,GO
256906,-1.8171,GO
256907,-1.8171,GO
256908,-1.8168,GO
256909,-1.8163,GO
256910,-1.8163,GO
256911,-1.8158,GO
256912,-1.8156,GO
256913,-1.8153,GO
256914,-1.8150,GO
256915,-1.8150,GO
256916,-1.8148,GO
256917,-1.8145,GO
256918,-1.8140,GO
256919,-1.8140,GO
256920,-1.8138,GO
256921,-1.8138,GO
256922,-1.8138,GO
256923,-1.8138,GO
256924,-1.8138,GO
256925,-1.8135,GO
256926,-1.8138,GO
256927,-1.8138,GO
256928,-1.8140,GO
256929,-1.8143,GO
256930,-1.8145,GO
256931,-1.8148,GO
256932,-1.8150,GO
256933,-1.8156,GO
256934,-1.8158,GO
256935,-1.8163,GO
256936,-1.8171,GO
256937,-1.8173,GO
256938,-1.8179,GO
256939,-1.8181,GO
256940,-1.8184,GO
256941,-1.8186,GO
256942,-1.8191,GO
256943,-1.8194,GO
256944,-1.8196,GO
256945,-1.8199,GO
256946,-1.8199,GO
256947,-1.8202,GO
256948,-1.8204,GO
256949,-1.8207,GO
256950,-1.8209,GO
256951,-1.8209,GO
256952,-1.8209,GO
256953,-1.8209,GO
256954,-1.8207,GO
256955,-1.8204,GO
256956,-1.8204,GO
256957,-1.8199,GO
256958,-1.8196,GO
256959,-1.8194,GO
256960,-1.8191,GO
256961,-1.8189,GO
256962,-1.8186,GO
256963,-1.8186,GO
256964,-1.8186,GO
256965,-1.8184,GO
256966,-1.8181,GO
256967,-1.8176,GO
256968,-1.8173,GO
256969,-1.8171,GO
256970,-1.8168,GO
256971,-1.8166,GO
256972,-1.8166,GO
256973,-1.8166,GO
256974,-1.8163,GO
256975,-1.8163,GO
256976,-1.8163,GO
256977,-1.8163,GO
256978,-1.8163,GO
256979,-1.8163,GO
256980,-1.8163,GO
256981,-1.8166,GO
256982,-1.8163,GO
256983,-1.8163,GO
256984,-1.8166,GO
256985,-1.8166,GO
256986,-1.8168,GO
256987,-1.8168,GO
256988,-1.8168,GO
256989,-1.8171,GO
256990,-1.8173,GO
256991,-1.8176,GO
256992,-1.8179,GO
256993,-1.8181,GO
256994,-1.8181,GO
256995,-1.8181,GO
256996,-1.8181,GO
256997,-1.8181,GO
256998,-1.8181,GO
256999,-1.8184,GO
257000,-1.8184,GO
257001,-1.8184,GO
257002,-1.8186,GO
257003,-1.8186,GO
257004,-1.8186,GO
257005,-1.8189,GO
257006,-1.8189,GO
257007,-1.8186,GO
257008,-1.8189,GO
257009,-1.8189,GO
257010,-1.8191,GO
257011,-1.8191,GO
257012,-1.8191,GO
257013,-1.8194,GO
257014,-1.8194,GO
257015,-1.8194,GO
257016,-1.8194,GO
257017,-1.8194,GO
257018,-1.8194,GO
257019,-1.8194,GO
257020,-1.8194,GO
257021,-1.8194,GO
257022,-1.8194,GO
257023,-1.8194,GO
257024,-1.8194,GO
257025,-1.8194,GO
257026,-1.8194,GO
257027,-1.8191,GO
257028,-1.8191,GO
257029,-1.8191,GO
257030,-1.8191,GO
257031,-1.8189,GO
257032,-1.8189,GO
257033,-1.8186,GO
257034,-1.8184,GO
257035,-1.8184,GO
257036,-1.8181,GO
257037,-1.8181,GO
257038,-1.8179,GO
257039,-1.8176,GO
257040,-1.8173,GO
257041,-1.8171,GO
257042,-1.8171,GO
257043,-1.8166,GO
257044,-1.8166,GO
257045,-1.8163,GO
257046,-1.8161,GO
257047,-1.8158,GO
257048,-1.8158,GO
257049,-1.8158,GO
257050,-1.8158,GO
257051,-1.8158,GO
257052,-1.8158,GO
257053,-1.8158,GO
257054,-1.8156,GO
257055,-1.8156,GO
257056,-1.8153,GO
257057,-1.8156,GO
257058,-1.8156,GO
257059,-1.8156,GO
257060,-1.8156,GO
257061,-1.8158,GO
257062,-1.8158,GO
257063,-1.8161,GO
257064,-1.8163,GO
257065,-1.8163,GO
257066,-1.8166,GO
257067,-1.8171,GO
257068,-1.8171,GO
257069,-1.8173,GO
257070,-1.8176,GO
257071,-1.8179,GO
257072,-1.8181,GO
257073,-1.8186,GO
257074,-1.8186,GO
257075,-1.8189,GO
257076,-1.8189,GO
257077,-1.8189,GO
257078,-1.8191,GO
257079,-1.8191,GO
257080,-1.8191,GO
257081,-1.8191,GO
257082,-1.8191,GO
257083,-1.8189,GO
257084,-1.8191,GO
257085,-1.8191,GO
257086,-1.8191,GO
257087,-1.8191,GO
257088,-1.8191,GO
257089,-1.8191,GO
257090,-1.8189,GO
257091,-1.8186,GO
257092,-1.8184,GO
257093,-1.8181,GO
257094,-1.8179,GO
257095,-1.8176,GO
257096,-1.8173,GO
257097,-1.8171,GO
257098,-1.8168,GO
257099,-1.8166,GO
257100,-1.8163,GO
257101,-1.8161,GO
257102,-1.8158,GO
257103,-1.8156,GO
257104,-1.8156,GO
257105,-1.8153,GO
257106,-1.8150,GO
257107,-1.8148,GO
257108,-1.8148,GO
257109,-1.8145,GO
257110,-1.8145,GO
257111,-1.8143,GO
257112,-1.8140,GO
257113,-1.8140,GO
257114,-1.8140,GO
257115,-1.8143,GO
257116,-1.8143,GO
257117,-1.8143,GO
257118,-1.8143,GO
257119,-1.8145,GO
257120,-1.8145,GO
257121,-1.8145,GO
257122,-1.8148,GO
257123,-1.8148,GO
257124,-1.8150,GO
257125,-1.8150,GO
257126,-1.8153,GO
257127,-1.8156,GO
257128,-1.8158,GO
257129,-1.8161,GO
257130,-1.8166,GO
257131,-1.8166,GO
257132,-1.8171,GO
257133,-1.8173,GO
257134,-1.8176,GO
257135,-1.8179,GO
257136,-1.8179,GO
257137,-1.8179,GO
257138,-1.8181,GO
257139,-1.8181,GO
257140,-1.8181,GO
257141,-1.8184,GO
257142,-1.8186,GO
257143,-1.8186,GO
257144,-1.8189,GO
257145,-1.8189,GO
257146,-1.8191,GO
257147,-1.8191,GO
257148,-1.8189,GO
257149,-1.8189,GO
257150,-1.8186,GO
257151,-1.8186,GO
257152,-1.8189,GO
257153,-1.8186,GO
257154,-1.8186,GO
257155,-1.8189,GO
257156,-1.8186,GO
257157,-1.8184,GO
257158,-1.8184,GO
257159,-1.8181,GO
257160,-1.8181,GO
257161,-1.8179,GO
257162,-1.8176,GO
257163,-1.8173,GO
257164,-1.8173,GO
257165,-1.8171,GO
257166,-1.8171,GO
257167,-1.8171,GO
257168,-1.8171,GO
257169,-1.8171,GO
257170,-1.8168,GO
257171,-1.8166,GO
257172,-1.8163,GO
257173,-1.8163,GO
257174,-1.8161,GO
257175,-1.8161,GO
257176,-1.8161,GO
257177,-1.8161,GO
257178,-1.8158,GO
257179,-1.8158,GO
257180,-1.8158,GO
257181,-1.8158,GO
257182,-1.8156,GO
257183,-1.8156,GO
257184,-1.8156,GO
257185,-1.8156,GO
257186,-1.8156,GO
257187,-1.8156,GO
257188,-1.8158,GO
257189,-1.8156,GO
257190,-1.8158,GO
257191,-1.8158,GO
257192,-1.8161,GO
257193,-1.8161,GO
257194,-1.8163,GO
257195,-1.8163,GO
257196,-1.8163,GO
257197,-1.8163,GO
257198,-1.8166,GO
257199,-1.8168,GO
257200,-1.8168,GO
257201,-1.8168,GO
257202,-1.8168,GO
257203,-1.8171,GO
257204,-1.8173,GO
257205,-1.8176,GO
257206,-1.8176,GO
257207,-1.8179,GO
257208,-1.8179,GO
257209,-1.8181,GO
257210,-1.8181,GO
257211,-1.8181,GO
257212,-1.8179,GO
257213,-1.8179,GO
257214,-1.8179,GO
257215,-1.8179,GO
257216,-1.8181,GO
257217,-1.8181,GO
257218,-1.8181,GO
257219,-1.8181,GO
257220,-1.8181,GO
257221,-1.8179,GO
257222,-1.8179,GO
257223,-1.8173,GO
257224,-1.8173,GO
257225,-1.8173,GO
257226,-1.8173,GO
257227,-1.8173,GO
257228,-1.8171,GO
257229,-1.8171,GO
257230,-1.8168,GO
257231,-1.8168,GO
257232,-1.8168,GO
257233,-1.8166,GO
257234,-1.8168,GO
257235,-1.8166,GO
257236,-1.8163,GO
257237,-1.8163,GO
257238,-1.8163,GO
257239,-1.8163,GO
257240,-1.8166,GO
257241,-1.8166,GO
257242,-1.8166,GO
257243,-1.8168,GO
257244,-1.8168,GO
257245,-1.8171,GO
257246,-1.8173,GO
257247,-1.8173,GO
257248,-1.8176,GO
257249,-1.8176,GO
257250,-1.8179,GO
257251,-1.8179,GO
257252,-1.8179,GO
257253,-1.8179,GO
257254,-1.8179,GO
257255,-1.8181,GO
257256,-1.8186,GO
257257,-1.8186,GO
257258,-1.8191,GO
257259,-1.8191,GO
257260,-1.8191,GO
257261,-1.8194,GO
257262,-1.8194,GO
257263,-1.8194,GO
257264,-1.8196,GO
257265,-1.8196,GO
257266,-1.8194,GO
257267,-1.8196,GO
257268,-1.8196,GO
257269,-1.8196,GO
257270,-1.8196,GO
257271,-1.8196,GO
257272,-1.8199,GO
257273,-1.8196,GO
257274,-1.8196,GO
257275,-1.8194,GO
257276,-1.8194,GO
257277,-1.8194,GO
257278,-1.8194,GO
257279,-1.8194,GO
257280,-1.8194,GO
257281,-1.8191,GO
257282,-1.8194,GO
257283,-1.8191,GO
257284,-1.8191,GO
257285,-1.8191,GO
257286,-1.8191,GO
257287,-1.8189,GO
257288,-1.8189,GO
257289,-1.8186,GO
257290,-1.8184,GO
257291,-1.8184,GO
257292,-1.8181,GO
257293,-1.8179,GO
257294,-1.8179,GO
257295,-1.8176,GO
257296,-1.8176,GO
257297,-1.8173,GO
257298,-1.8173,GO
257299,-1.8173,GO
257300,-1.8176,GO
257301,-1.8173,GO
257302,-1.8173,GO
257303,-1.8171,GO
257304,-1.8168,GO
257305,-1.8168,GO
257306,-1.8168,GO
257307,-1.8166,GO
257308,-1.8166,GO
257309,-1.8163,GO
257310,-1.8163,GO
257311,-1.8161,GO
257312,-1.8158,GO
257313,-1.8161,GO
257314,-1.8161,GO
257315,-1.8161,GO
257316,-1.8163,GO
257317,-1.8163,GO
257318,-1.8161,GO
257319,-1.8161,GO
257320,-1.8161,GO
257321,-1.8163,GO
257322,-1.8161,GO
257323,-1.8161,GO
257324,-1.8161,GO
257325,-1.8163,GO
257326,-1.8163,GO
257327,-1.8166,GO
257328,-1.8168,GO
257329,-1.8168,GO
257330,-1.8168,GO
257331,-1.8166,GO
257332,-1.8168,GO
257333,-1.8168,GO
257334,-1.8168,GO
257335,-1.8168,GO
257336,-1.8168,GO
257337,-1.8171,GO
257338,-1.8171,GO
257339,-1.8168,GO
257340,-1.8168,GO
257341,-1.8168,GO
257342,-1.8171,GO
257343,-1.8171,GO
257344,-1.8171,GO
257345,-1.8171,GO
257346,-1.8171,GO
257347,-1.8171,GO
257348,-1.8168,GO
257349,-1.8171,GO
257350,-1.8168,GO
257351,-1.8168,GO
257352,-1.8168,GO
257353,-1.8166,GO
257354,-1.8166,GO
257355,-1.8163,GO
257356,-1.8161,GO
257357,-1.8161,GO
257358,-1.8158,GO
257359,-1.8158,GO
257360,-1.8156,GO
257361,-1.8153,GO
257362,-1.8153,GO
257363,-1.8150,GO
257364,-1.8150,GO
257365,-1.8150,GO
257366,-1.8148,GO
257367,-1.8148,GO
257368,-1.8150,GO
257369,-1.8150,GO
257370,-1.8150,GO
257371,-1.8150,GO
257372,-1.8148,GO
257373,-1.8145,GO
257374,-1.8148,GO
257375,-1.8148,GO
257376,-1.8150,GO
257377,-1.8153,GO
257378,-1.8153,GO
257379,-1.8153,GO
257380,-1.8156,GO
257381,-1.8156,GO
257382,-1.8158,GO
257383,-1.8158,GO
257384,-1.8161,GO
257385,-1.8161,GO
257386,-1.8163,GO
257387,-1.8163,GO
257388,-1.8166,GO
257389,-1.8168,GO
257390,-1.8168,GO
257391,-1.8171,GO
257392,-1.8173,GO
257393,-1.8173,GO
257394,-1.8173,GO
257395,-1.8176,GO
257396,-1.8179,GO
257397,-1.8181,GO
257398,-1.8184,GO
257399,-1.8186,GO
257400,-1.8184,GO
257401,-1.8186,GO
257402,-1.8186,GO
257403,-1.8186,GO
257404,-1.8186,GO
257405,-1.8186,GO
257406,-1.8186,GO
257407,-1.8186,GO
257408,-1.8186,GO
257409,-1.8184,GO
257410,-1.8184,GO
257411,-1.8181,GO
257412,-1.8181,GO
257413,-1.8181,GO
257414,-1.8184,GO
257415,-1.8181,GO
257416,-1.8181,GO
257417,-1.8179,GO
257418,-1.8176,GO
257419,-1.8176,GO
257420,-1.8173,GO
257421,-1.8171,GO
257422,-1.8168,GO
257423,-1.8166,GO
257424,-1.8166,GO
257425,-1.8166,GO
257426,-1.8163,GO
257427,-1.8161,GO
257428,-1.8161,GO
257429,-1.8161,GO
257430,-1.8158,GO
257431,-1.8158,GO
257432,-1.8158,GO
257433,-1.8156,GO
257434,-1.8156,GO
257435,-1.8158,GO
257436,-1.8158,GO
257437,-1.8156,GO
257438,-1.8156,GO
257439,-1.8156,GO
257440,-1.8158,GO
257441,-1.8161,GO
257442,-1.8163,GO
257443,-1.8166,GO
257444,-1.8166,GO
257445,-1.8171,GO
257446,-1.8173,GO
257447,-1.8176,GO
257448,-1.8176,GO
257449,-1.8176,GO
257450,-1.8179,GO
257451,-1.8181,GO
257452,-1.8186,GO
257453,-1.8186,GO
257454,-1.8189,GO
257455,-1.8191,GO
257456,-1.8191,GO
257457,-1.8194,GO
257458,-1.8196,GO
257459,-1.8199,GO
257460,-1.8202,GO
257461,-1.8202,GO
257462,-1.8204,GO
257463,-1.8204,GO
257464,-1.8207,GO
257465,-1.8207,GO
257466,-1.8207,GO
257467,-1.8207,GO
257468,-1.8204,GO
257469,-1.8202,GO
257470,-1.8204,GO
257471,-1.8202,GO
257472,-1.8202,GO
257473,-1.8202,GO
257474,-1.8199,GO
257475,-1.8196,GO
257476,-1.8196,GO
257477,-1.8194,GO
257478,-1.8189,GO
257479,-1.8186,GO
257480,-1.8184,GO
257481,-1.8181,GO
257482,-1.8179,GO
257483,-1.8176,GO
257484,-1.8171,GO
257485,-1.8171,GO
257486,-1.8166,GO
257487,-1.8166,GO
257488,-1.8163,GO
257489,-1.8161,GO
257490,-1.8161,GO
257491,-1.8158,GO
257492,-1.8158,GO
257493,-1.8156,GO
257494,-1.8153,GO
257495,-1.8153,GO
257496,-1.8153,GO
257497,-1.8153,GO
257498,-1.8156,GO
257499,-1.8156,GO
257500,-1.8158,GO
257501,-1.8158,GO
257502,-1.8158,GO
257503,-1.8158,GO
257504,-1.8161,GO
257505,-1.8161,GO
257506,-1.8163,GO
257507,-1.8163,GO
257508,-1.8166,GO
257509,-1.8166,GO
257510,-1.8168,GO
257511,-1.8168,GO
257512,-1.8168,GO
257513,-1.8171,GO
257514,-1.8173,GO
257515,-1.8176,GO
257516,-1.8176,GO
257517,-1.8176,GO
257518,-1.8179,GO
257519,-1.8179,GO
257520,-1.8181,GO
257521,-1.8184,GO
257522,-1.8184,GO
257523,-1.8184,GO
257524,-1.8184,GO
257525,-1.8184,GO
257526,-1.8184,GO
257527,-1.8181,GO
257528,-1.8181,GO
257529,-1.8179,GO
257530,-1.8179,GO
257531,-1.8179,GO
257532,-1.8179,GO
257533,-1.8179,GO
257534,-1.8179,GO
257535,-1.8176,GO
257536,-1.8176,GO
257537,-1.8176,GO
257538,-1.8176,GO
257539,-1.8173,GO
257540,-1.8171,GO
257541,-1.8173,GO
257542,-1.8173,GO
257543,-1.8171,GO
257544,-1.8173,GO
257545,-1.8171,GO
257546,-1.8171,GO
257547,-1.8173,GO
257548,-1.8171,GO
257549,-1.8168,GO
257550,-1.8168,GO
257551,-1.8166,GO
257552,-1.8168,GO
257553,-1.8168,GO
257554,-1.8168,GO
257555,-1.8168,GO
257556,-1.8168,GO
257557,-1.8168,GO
257558,-1.8168,GO
257559,-1.8168,GO
257560,-1.8168,GO
257561,-1.8168,GO
257562,-1.8168,GO
257563,-1.8168,GO
257564,-1.8168,GO
257565,-1.8171,GO
257566,-1.8171,GO
257567,-1.8173,GO
257568,-1.8173,GO
257569,-1.8173,GO
257570,-1.8173,GO
257571,-1.8173,GO
257572,-1.8176,GO
257573,-1.8179,GO
257574,-1.8179,GO
257575,-1.8179,GO
257576,-1.8179,GO
257577,-1.8179,GO
257578,-1.8179,GO
257579,-1.8176,GO
257580,-1.8179,GO
257581,-1.8179,GO
257582,-1.8179,GO
257583,-1.8179,GO
257584,-1.8176,GO
257585,-1.8173,GO
257586,-1.8171,GO
257587,-1.8168,GO
257588,-1.8168,GO
257589,-1.8168,GO
257590,-1.8168,GO
257591,-1.8171,GO
257592,-1.8168,GO
257593,-1.8168,GO
257594,-1.8166,GO
257595,-1.8163,GO
257596,-1.8163,GO
257597,-1.8161,GO
257598,-1.8158,GO
257599,-1.8158,GO
257600,-1.8158,GO
257601,-1.8158,GO
257602,-1.8158,GO
257603,-1.8158,GO
257604,-1.8158,GO
257605,-1.8158,GO
257606,-1.8161,GO
257607,-1.8161,GO
257608,-1.8161,GO
257609,-1.8163,GO
257610,-1.8163,GO
257611,-1.8163,GO
257612,-1.8166,GO
257613,-1.8166,GO
257614,-1.8168,GO
257615,-1.8171,GO
257616,-1.8171,GO
257617,-1.8173,GO
257618,-1.8173,GO
257619,-1.8176,GO
257620,-1.8173,GO
257621,-1.8173,GO
257622,-1.8173,GO
257623,-1.8173,GO
257624,-1.8173,GO
257625,-1.8173,GO
257626,-1.8173,GO
257627,-1.8171,GO
257628,-1.8163,GO
257629,-1.8138,GO
257630,-1.8074,GO
257631,-1.7951,GO
257632,-1.7756,GO
257633,-1.7492,GO
257634,-1.7172,GO
257635,-1.6794,GO
257636,-1.6387,GO
257637,-1.5946,GO
257638,-1.5460,GO
257639,-1.4948,GO
257640,-1.4387,GO
257641,-1.3783,GO
257642,-1.3140,GO
257643,-1.2436,GO
257644,-1.1674,GO
257645,-1.0857,GO
257646,-0.9984,GO
257647,-0.9091,GO
257648,-0.8205,GO
257649,-0.7357,GO
257650,-0.6577,GO
257651,-0.5852,GO
257652,-0.5212,GO
257653,-0.4626,GO
257654,-0.4091,GO
257655,-0.3625,GO
257656,-0.3180,GO
257657,-0.2755,GO
257658,-0.2327,GO
257659,-0.1866,GO
257660,-0.1367,GO
257661,-0.0824,GO
257662,-0.0243,GO
257663,0.0361,GO
257664,0.0988,GO
257665,0.1467,GO
257666,0.1728,GO
257667,0.1723,GO
257668,0.1480,GO
257669,0.1162,GO
257670,0.0847,GO
257671,0.0602,GO
257672,-0.0141,GO
257673,-0.0699,GO
257674,-0.1065,GO
257675,-0.1298,GO
257676,-0.0924,GO
257677,-0.0660,GO
257678,-0.0550,GO
257679,-0.0568,GO
257680,-0.0671,GO
257681,-0.0832,GO
257682,-0.1029,GO
257683,-0.1178,GO
257684,-0.1595,GO
257685,-0.1879,GO
257686,-0.1964,GO
257687,-0.1915,GO
257688,-0.1388,GO
257689,-0.0783,GO
257690,-0.0156,GO
257691,0.0412,GO
257692,0.0916,GO
257693,0.1249,GO
257694,0.1324,GO
257695,0.1252,GO
257696,0.1024,GO
257697,0.0748,GO
257698,0.0507,GO
257699,0.0271,GO
257700,0.0110,GO
257701,-0.0494,GO
257702,-0.0916,GO
257703,-0.1206,GO
257704,-0.1472,GO
257705,-0.1229,GO
257706,-0.1129,GO
257707,-0.1147,GO
257708,-0.1239,GO
257709,-0.1395,GO
257710,-0.1577,GO
257711,-0.1933,GO
257712,-0.2181,GO
257713,-0.2243,GO
257714,-0.2112,GO
257715,-0.1613,GO
257716,-0.1019,GO
257717,-0.0404,GO
257718,0.0195,GO
257719,0.0722,GO
257720,0.1116,GO
257721,0.1316,GO
257722,0.1306,GO
257723,0.1167,GO
257724,0.0955,GO
257725,0.0748,GO
257726,0.0576,GO
257727,0.0407,GO
257728,0.0271,GO
257729,-0.0402,GO
257730,-0.0891,GO
257731,-0.1242,GO
257732,-0.1505,GO
257733,-0.1175,GO
257734,-0.1019,GO
257735,-0.1009,GO
257736,-0.1132,GO
257737,-0.1341,GO
257738,-0.1595,GO
257739,-0.1910,GO
257740,-0.2030,GO
257741,-0.1925,GO
257742,-0.1603,GO
257743,-0.1014,GO
257744,-0.0422,GO
257745,0.0156,GO
257746,0.0660,GO
257747,0.1126,GO
257748,0.1446,GO
257749,0.1592,GO
257750,0.1595,GO
257751,0.1439,GO
257752,0.1234,GO
257753,0.1016,GO
257754,0.0806,GO
257755,0.0591,GO
257756,0.0346,GO
257757,-0.0212,GO
257758,-0.0594,GO
257759,-0.0878,GO
257760,-0.1078,GO
257761,-0.0950,GO
257762,-0.0993,GO
257763,-0.1142,GO
257764,-0.1341,GO
257765,-0.1516,GO
257766,-0.1876,GO
257767,-0.2112,GO
257768,-0.2171,GO
257769,-0.2086,GO
257770,-0.1623,GO
257771,-0.1096,GO
257772,-0.0550,GO
257773,0.0003,GO
257774,0.0497,GO
257775,0.0914,GO
257776,0.1165,GO
257777,0.1188,GO
257778,0.1073,GO
257779,0.0827,GO
257780,0.0550,GO
257781,0.0310,GO
257782,0.0125,GO
257783,-0.0486,GO
257784,-0.0945,GO
257785,-0.1254,GO
257786,-0.1513,GO
257787,-0.1260,GO
257788,-0.1116,GO
257789,-0.1111,GO
257790,-0.1203,GO
257791,-0.1359,GO
257792,-0.1551,GO
257793,-0.1869,GO
257794,-0.2132,GO
257795,-0.2217,GO
257796,-0.2099,GO
257797,-0.1654,GO
257798,-0.1060,GO
257799,-0.0440,GO
257800,0.0146,GO
257801,0.0666,GO
257802,0.1050,GO
257803,0.1211,GO
257804,0.1196,GO
257805,0.1037,GO
257806,0.0804,GO
257807,0.0591,GO
257808,0.0397,GO
257809,0.0220,GO
257810,-0.0453,GO
257811,-0.0947,GO
257812,-0.1277,GO
257813,-0.1531,GO
257814,-0.1229,GO
257815,-0.1088,GO
257816,-0.1126,GO
257817,-0.1283,GO
257818,-0.1508,GO
257819,-0.1695,GO
257820,-0.2015,GO
257821,-0.2158,GO
257822,-0.2109,GO
257823,-0.1925,GO
257824,-0.1413,GO
257825,-0.0870,GO
257826,-0.0325,GO
257827,0.0215,GO
257828,0.0742,GO
257829,0.1116,GO
257830,0.1367,GO
257831,0.1403,GO
257832,0.1249,GO
257833,0.1050,GO
257834,0.0781,GO
257835,0.0532,GO
257836,0.0320,GO
257837,-0.0369,GO
257838,-0.0878,GO
257839,-0.1213,GO
257840,-0.1472,GO
257841,-0.1190,GO
257842,-0.1042,GO
257843,-0.1055,GO
257844,-0.1155,GO
257845,-0.1316,GO
257846,-0.1505,GO
257847,-0.1746,GO
257848,-0.2015,GO
257849,-0.2109,GO
257850,-0.2007,GO
257851,-0.1651,GO
257852,-0.1044,GO
257853,-0.0412,GO
257854,0.0218,GO
257855,0.0801,GO
257856,0.1190,GO
257857,0.1375,GO
257858,0.1354,GO
257859,0.1165,GO
257860,0.0942,GO
257861,0.0732,GO
257862,0.0545,GO
257863,0.0376,GO
257864,0.0253,GO
257865,-0.0253,GO
257866,-0.0637,GO
257867,-0.0896,GO
257868,-0.1121,GO
257869,-0.0924,GO
257870,-0.0860,GO
257871,-0.0945,GO
257872,-0.1121,GO
257873,-0.1362,GO
257874,-0.1751,GO
257875,-0.2058,GO
257876,-0.2166,GO
257877,-0.2056,GO
257878,-0.1595,GO
257879,-0.1001,GO
257880,-0.0407,GO
257881,0.0172,GO
257882,0.0671,GO
257883,0.1108,GO
257884,0.1380,GO
257885,0.1446,GO
257886,0.1395,GO
257887,0.1193,GO
257888,0.0973,GO
257889,0.0773,GO
257890,0.0571,GO
257891,0.0392,GO
257892,-0.0289,GO
257893,-0.0781,GO
257894,-0.1098,GO
257895,-0.1341,GO
257896,-0.1029,GO
257897,-0.0891,GO
257898,-0.0929,GO
257899,-0.1065,GO
257900,-0.1260,GO
257901,-0.1446,GO
257902,-0.1864,GO
257903,-0.2158,GO
257904,-0.2271,GO
257905,-0.2225,GO
257906,-0.1764,GO
257907,-0.1224,GO
257908,-0.0671,GO
257909,-0.0113,GO
257910,0.0417,GO
257911,0.0876,GO
257912,0.1208,GO
257913,0.1313,GO
257914,0.1252,GO
257915,0.1062,GO
257916,0.0796,GO
257917,0.0579,GO
257918,0.0366,GO
257919,0.0202,GO
257920,-0.0404,GO
257921,-0.0850,GO
257922,-0.1147,GO
257923,-0.1393,GO
257924,-0.1124,GO
257925,-0.0986,GO
257926,-0.0986,GO
257927,-0.1078,GO
257928,-0.1244,GO
257929,-0.1428,GO
257930,-0.1779,GO
257931,-0.1992,GO
257932,-0.1992,GO
257933,-0.1800,GO
257934,-0.1254,GO
257935,-0.0663,GO
257936,-0.0077,GO
257937,0.0438,GO
257938,0.0860,GO
257939,0.1149,GO
257940,0.1208,GO
257941,0.1144,GO
257942,0.0980,GO
257943,0.0763,GO
257944,0.0599,GO
257945,0.0433,GO
257946,0.0269,GO
257947,0.0087,GO
257948,-0.0435,GO
257949,-0.0832,GO
257950,-0.1116,GO
257951,-0.1329,GO
257952,-0.1185,GO
257953,-0.1167,GO
257954,-0.1277,GO
257955,-0.1452,GO
257956,-0.1644,GO
257957,-0.2030,GO
257958,-0.2291,GO
257959,-0.2373,GO
257960,-0.2271,GO
257961,-0.1779,GO
257962,-0.1213,GO
257963,-0.0637,GO
257964,-0.0056,GO
257965,0.0458,GO
257966,0.0888,GO
257967,0.1167,GO
257968,0.1190,GO
257969,0.1070,GO
257970,0.0829,GO
257971,0.0556,GO
257972,0.0340,GO
257973,0.0151,GO
257974,-0.0604,GO
257975,-0.1167,GO
257976,-0.1562,GO
257977,-0.1841,GO
257978,-0.1464,GO
257979,-0.1234,GO
257980,-0.1149,GO
257981,-0.1190,GO
257982,-0.1313,GO
257983,-0.1498,GO
257984,-0.1690,GO
257985,-0.2099,GO
257986,-0.2383,GO
257987,-0.2476,GO
257988,-0.2365,GO
257989,-0.1828,GO
257990,-0.1206,GO
257991,-0.0571,GO
257992,0.0010,GO
257993,0.0520,GO
257994,0.0896,GO
257995,0.1129,GO
257996,0.1129,GO
257997,0.0993,GO
257998,0.0778,GO
257999,0.0520,GO
258000,0.0335,GO
258001,0.0156,GO
258002,0.0010,GO
258003,-0.0650,GO
258004,-0.1119,GO
258005,-0.1423,GO
258006,-0.1672,GO
258007,-0.1370,GO
258008,-0.1254,GO
258009,-0.1321,GO
258010,-0.1485,GO
258011,-0.1705,GO
258012,-0.1851,GO
258013,-0.2245,GO
258014,-0.2514,GO
258015,-0.2601,GO
258016,-0.2593,GO
258017,-0.2148,GO
258018,-0.1615,GO
258019,-0.1065,GO
258020,-0.0497,GO
258021,0.0036,GO
258022,0.0509,GO
258023,0.0868,GO
258024,0.1075,GO
258025,0.1050,GO
258026,0.0868,GO
258027,0.0589,GO
258028,0.0264,GO
258029,0.0015,GO
258030,-0.0159,GO
258031,-0.0686,GO
258032,-0.1091,GO
258033,-0.1372,GO
258034,-0.1626,GO
258035,-0.1452,GO
258036,-0.1352,GO
258037,-0.1359,GO
258038,-0.1454,GO
258039,-0.1605,GO
258040,-0.1789,GO
258041,-0.2022,GO
258042,-0.2309,GO
258043,-0.2437,GO
258044,-0.2371,GO
258045,-0.2061,GO
258046,-0.1475,GO
258047,-0.0842,GO
258048,-0.0223,GO
258049,0.0328,GO
258050,0.0735,GO
258051,0.0945,GO
258052,0.0934,GO
258053,0.0788,GO
258054,0.0561,GO
258055,0.0323,GO
258056,0.0128,GO
258057,-0.0067,GO
258058,-0.0205,GO
258059,-0.0809,GO
258060,-0.1267,GO
258061,-0.1567,GO
258062,-0.1825,GO
258063,-0.1564,GO
258064,-0.1439,GO
258065,-0.1472,GO
258066,-0.1613,GO
258067,-0.1812,GO
258068,-0.2010,GO
258069,-0.2324,GO
258070,-0.2476,GO
258071,-0.2424,GO
258072,-0.2220,GO
258073,-0.1715,GO
258074,-0.1188,GO
258075,-0.0663,GO
258076,-0.0161,GO
258077,0.0294,GO
258078,0.0673,GO
258079,0.0919,GO
258080,0.0952,GO
258081,0.0845,GO
258082,0.0627,GO
258083,0.0346,GO
258084,0.0115,GO
258085,-0.0105,GO
258086,-0.0724,GO
258087,-0.1252,GO
258088,-0.1600,GO
258089,-0.1864,GO
258090,-0.1664,GO
258091,-0.1518,GO
258092,-0.1521,GO
258093,-0.1608,GO
258094,-0.1743,GO
258095,-0.1910,GO
258096,-0.1997,GO
258097,-0.2273,GO
258098,-0.2414,GO
258099,-0.2368,GO
258100,-0.2207,GO
258101,-0.1679,GO
258102,-0.1108,GO
258103,-0.0517,GO
258104,0.0005,GO
258105,0.0468,GO
258106,0.0786,GO
258107,0.0832,GO
258108,0.0735,GO
258109,0.0517,GO
258110,0.0259,GO
258111,0.0079,GO
258112,-0.0087,GO
258113,-0.0223,GO
258114,-0.0707,GO
258115,-0.1124,GO
258116,-0.1408,GO
258117,-0.1651,GO
258118,-0.1505,GO
258119,-0.1413,GO
258120,-0.1464,GO
258121,-0.1605,GO
258122,-0.1807,GO
258123,-0.2007,GO
258124,-0.2312,GO
258125,-0.2450,GO
258126,-0.2376,GO
258127,-0.2122,GO
258128,-0.1577,GO
258129,-0.0998,GO
258130,-0.0422,GO
258131,0.0067,GO
258132,0.0486,GO
258133,0.0799,GO
258134,0.0906,GO
258135,0.0893,GO
258136,0.0750,GO
258137,0.0520,GO
258138,0.0292,GO
258139,0.0074,GO
258140,-0.0128,GO
258141,-0.0804,GO
258142,-0.1275,GO
258143,-0.1585,GO
258144,-0.1833,GO
258145,-0.1554,GO
258146,-0.1469,GO
258147,-0.1544,GO
258148,-0.1697,GO
258149,-0.1902,GO
258150,-0.2081,GO
258151,-0.2668,GO
258152,-0.3075,GO
258153,-0.3308,GO
258154,-0.3392,GO
258155,-0.2888,GO
258156,-0.2363,GO
258157,-0.1812,GO
258158,-0.1242,GO
258159,-0.0660,GO
258160,-0.0105,GO
258161,0.0384,GO
258162,0.0684,GO
258163,0.0773,GO
258164,0.0681,GO
258165,0.0438,GO
258166,0.0179,GO
258167,-0.0061,GO
258168,-0.0264,GO
258169,-0.0835,GO
258170,-0.1359,GO
258171,-0.1733,GO
258172,-0.2002,GO
258173,-0.1797,GO
258174,-0.1582,GO
258175,-0.1500,GO
258176,-0.1544,GO
258177,-0.1679,GO
258178,-0.1882,GO
258179,-0.2040,GO
258180,-0.2373,GO
258181,-0.2534,GO
258182,-0.2458,GO
258183,-0.2248,GO
258184,-0.1646,GO
258185,-0.1006,GO
258186,-0.0387,GO
258187,0.0151,GO
258188,0.0627,GO
258189,0.0934,GO
258190,0.1042,GO
258191,0.1019,GO
258192,0.0850,GO
258193,0.0648,GO
258194,0.0443,GO
258195,0.0248,GO
258196,0.0051,GO
258197,-0.0090,GO
258198,-0.0650,GO
258199,-0.1047,GO
258200,-0.1326,GO
258201,-0.1590,GO
258202,-0.1400,GO
258203,-0.1375,GO
258204,-0.1477,GO
258205,-0.1661,GO
258206,-0.1884,GO
258207,-0.2232,GO
258208,-0.2445,GO
258209,-0.2447,GO
258210,-0.2258,GO
258211,-0.1756,GO
258212,-0.1201,GO
258213,-0.0660,GO
258214,-0.0133,GO
258215,0.0343,GO
258216,0.0719,GO
258217,0.0929,GO
258218,0.0932,GO
258219,0.0796,GO
258220,0.0568,GO
258221,0.0323,GO
258222,0.0097,GO
258223,-0.0113,GO
258224,-0.0727,GO
258225,-0.1239,GO
258226,-0.1595,GO
258227,-0.1864,GO
258228,-0.1654,GO
258229,-0.1508,GO
258230,-0.1505,GO
258231,-0.1597,GO
258232,-0.1756,GO
258233,-0.1953,GO
258234,-0.2345,GO
258235,-0.2596,GO
258236,-0.2652,GO
258237,-0.2499,GO
258238,-0.1940,GO
258239,-0.1318,GO
258240,-0.0689,GO
258241,-0.0113,GO
258242,0.0404,GO
258243,0.0755,GO
258244,0.0919,GO
258245,0.0929,GO
258246,0.0801,GO
258247,0.0627,GO
258248,0.0453,GO
258249,0.0282,GO
258250,0.0102,GO
258251,-0.0049,GO
258252,-0.0415,GO
258253,-0.0883,GO
258254,-0.1219,GO
258255,-0.1485,GO
258256,-0.1498,GO
258257,-0.1408,GO
258258,-0.1467,GO
258259,-0.1644,GO
258260,-0.1876,GO
258261,-0.2255,GO
258262,-0.2511,GO
258263,-0.2573,GO
258264,-0.2440,GO
258265,-0.1992,GO
258266,-0.1472,GO
258267,-0.0937,GO
258268,-0.0402,GO
258269,0.0113,GO
258270,0.0586,GO
258271,0.0932,GO
258272,0.1114,GO
258273,0.1121,GO
258274,0.0986,GO
258275,0.0763,GO
258276,0.0512,GO
258277,0.0266,GO
258278,0.0056,GO
258279,-0.0591,GO
258280,-0.1062,GO
258281,-0.1375,GO
258282,-0.1633,GO
258283,-0.1385,GO
258284,-0.1283,GO
258285,-0.1324,GO
258286,-0.1449,GO
258287,-0.1626,GO
258288,-0.1802,GO
258289,-0.2140,GO
258290,-0.2360,GO
258291,-0.2404,GO
258292,-0.2271,GO
258293,-0.1789,GO
258294,-0.1226,GO
258295,-0.0640,GO
258296,-0.0051,GO
258297,0.0509,GO
258298,0.0924,GO
258299,0.1126,GO
258300,0.1114,GO
258301,0.0934,GO
258302,0.0699,GO
258303,0.0484,GO
258304,0.0289,GO
258305,0.0115,GO
258306,0.0023,GO
258307,-0.0509,GO
258308,-0.0896,GO
258309,-0.1142,GO
258310,-0.1408,GO
258311,-0.1185,GO
258312,-0.1103,GO
258313,-0.1172,GO
258314,-0.1311,GO
258315,-0.1521,GO
258316,-0.1723,GO
258317,-0.2017,GO
258318,-0.2127,GO
258319,-0.2025,GO
258320,-0.1748,GO
258321,-0.1196,GO
258322,-0.0632,GO
258323,-0.0090,GO
258324,0.0399,GO
258325,0.0850,GO
258326,0.1137,GO
258327,0.1231,GO
258328,0.1188,GO
258329,0.0993,GO
258330,0.0781,GO
258331,0.0581,GO
258332,0.0371,GO
258333,0.0187,GO
258334,-0.0379,GO
258335,-0.0809,GO
258336,-0.1093,GO
258337,-0.1349,GO
258338,-0.1188,GO
258339,-0.1149,GO
258340,-0.1249,GO
258341,-0.1395,GO
258342,-0.1574,GO
258343,-0.1743,GO
258344,-0.2053,GO
258345,-0.2248,GO
258346,-0.2266,GO
258347,-0.2109,GO
258348,-0.1626,GO
258349,-0.1062,GO
258350,-0.0479,GO
258351,0.0110,GO
258352,0.0645,GO
258353,0.1034,GO
258354,0.1221,GO
258355,0.1193,GO
258356,0.1009,GO
258357,0.0760,GO
258358,0.0520,GO
258359,0.0307,GO
258360,0.0141,GO
258361,-0.0289,GO
258362,-0.0778,GO
258363,-0.1108,GO
258364,-0.1347,GO
258365,-0.1247,GO
258366,-0.1052,GO
258367,-0.1009,GO
258368,-0.1088,GO
258369,-0.1239,GO
258370,-0.1439,GO
258371,-0.1620,GO
258372,-0.1907,GO
258373,-0.2020,GO
258374,-0.1917,GO
258375,-0.1636,GO
258376,-0.1055,GO
258377,-0.0428,GO
258378,0.0172,GO
258379,0.0730,GO
258380,0.1157,GO
258381,0.1395,GO
258382,0.1418,GO
258383,0.1272,GO
258384,0.1060,GO
258385,0.0829,GO
258386,0.0643,GO
258387,0.0458,GO
258388,0.0307,GO
258389,-0.0374,GO
258390,-0.0865,GO
258391,-0.1185,GO
258392,-0.1439,GO
258393,-0.1124,GO
258394,-0.0988,GO
258395,-0.1032,GO
258396,-0.1180,GO
258397,-0.1382,GO
258398,-0.1569,GO
258399,-0.1871,GO
258400,-0.2038,GO
258401,-0.2007,GO
258402,-0.1807,GO
258403,-0.1283,GO
258404,-0.0699,GO
258405,-0.0115,GO
258406,0.0435,GO
258407,0.0924,GO
258408,0.1293,GO
258409,0.1436,GO
258410,0.1400,GO
258411,0.1216,GO
258412,0.0952,GO
258413,0.0722,GO
258414,0.0494,GO
258415,0.0320,GO
258416,-0.0328,GO
258417,-0.0791,GO
258418,-0.1114,GO
258419,-0.1372,GO
258420,-0.1085,GO
258421,-0.0934,GO
258422,-0.0909,GO
258423,-0.0988,GO
258424,-0.1134,GO
258425,-0.1324,GO
258426,-0.1426,GO
258427,-0.1733,GO
258428,-0.1866,GO
258429,-0.1802,GO
258430,-0.1615,GO
258431,-0.1019,GO
258432,-0.0394,GO
258433,0.0220,GO
258434,0.0773,GO
258435,0.1193,GO
258436,0.1426,GO
258437,0.1457,GO
258438,0.1331,GO
258439,0.1129,GO
258440,0.0922,GO
258441,0.0737,GO
258442,0.0550,GO
258443,0.0389,GO
258444,-0.0266,GO
258445,-0.0753,GO
258446,-0.1080,GO
258447,-0.1334,GO
258448,-0.1047,GO
258449,-0.0914,GO
258450,-0.0952,GO
258451,-0.1103,GO
258452,-0.1321,GO
258453,-0.1492,GO
258454,-0.1836,GO
258455,-0.2010,GO
258456,-0.1989,GO
258457,-0.1851,GO
258458,-0.1349,GO
258459,-0.0809,GO
258460,-0.0276,GO
258461,0.0289,GO
258462,0.0801,GO
258463,0.1188,GO
258464,0.1436,GO
258465,0.1462,GO
258466,0.1354,GO
258467,0.1157,GO
258468,0.0914,GO
258469,0.0676,GO
258470,0.0443,GO
258471,-0.0310,GO
258472,-0.0868,GO
258473,-0.1257,GO
258474,-0.1531,GO
258475,-0.1198,GO
258476,-0.1011,GO
258477,-0.0975,GO
258478,-0.1055,GO
258479,-0.1201,GO
258480,-0.1390,GO
258481,-0.1559,GO
258482,-0.1876,GO
258483,-0.2063,GO
258484,-0.2063,GO
258485,-0.1900,GO
258486,-0.1393,GO
258487,-0.0812,GO
258488,-0.0205,GO
258489,0.0366,GO
258490,0.0881,GO
258491,0.1236,GO
258492,0.1364,GO
258493,0.1336,GO
258494,0.1160,GO
258495,0.0937,GO
258496,0.0745,GO
258497,0.0558,GO
258498,0.0392,GO
258499,-0.0294,GO
258500,-0.0814,GO
258501,-0.1183,GO
258502,-0.1444,GO
258503,-0.1121,GO
258504,-0.0945,GO
258505,-0.0924,GO
258506,-0.1042,GO
258507,-0.1239,GO
258508,-0.1449,GO
258509,-0.1789,GO
258510,-0.1987,GO
258511,-0.1969,GO
258512,-0.1759,GO
258513,-0.1219,GO
258514,-0.0627,GO
258515,-0.0046,GO
258516,0.0530,GO
258517,0.1034,GO
258518,0.1426,GO
258519,0.1638,GO
258520,0.1631,GO
258521,0.1492,GO
258522,0.1272,GO
258523,0.1044,GO
258524,0.0840,GO
258525,0.0630,GO
258526,0.0486,GO
258527,-0.0003,GO
258528,-0.0384,GO
258529,-0.0653,GO
258530,-0.0906,GO
258531,-0.0776,GO
258532,-0.0737,GO
258533,-0.0812,GO
258534,-0.0960,GO
258535,-0.1152,GO
258536,-0.1211,GO
258537,-0.1482,GO
258538,-0.1608,GO
258539,-0.1546,GO
258540,-0.1428,GO
258541,-0.0893,GO
258542,-0.0289,GO
258543,0.0328,GO
258544,0.0924,GO
258545,0.1400,GO
258546,0.1659,GO
258547,0.1713,GO
258548,0.1582,GO
258549,0.1354,GO
258550,0.1139,GO
258551,0.0937,GO
258552,0.0748,GO
258553,0.0609,GO
258554,-0.0079,GO
258555,-0.0579,GO
258556,-0.0927,GO
258557,-0.1175,GO
258558,-0.0812,GO
258559,-0.0594,GO
258560,-0.0525,GO
258561,-0.0599,GO
258562,-0.0753,GO
258563,-0.0973,GO
258564,-0.1275,GO
258565,-0.1490,GO
258566,-0.1485,GO
258567,-0.1247,GO
258568,-0.0719,GO
258569,-0.0087,GO
258570,0.0538,GO
258571,0.1091,GO
258572,0.1549,GO
258573,0.1830,GO
258574,0.1907,GO
258575,0.1848,GO
258576,0.1674,GO
258577,0.1490,GO
258578,0.1318,GO
258579,0.1142,GO
258580,0.0957,GO
258581,0.0781,GO
258582,0.0215,GO
258583,-0.0184,GO
258584,-0.0451,GO
258585,-0.0668,GO
258586,-0.0484,GO
258587,-0.0471,GO
258588,-0.0594,GO
258589,-0.0781,GO
258590,-0.0965,GO
258591,-0.1260,GO
258592,-0.1434,GO
258593,-0.1418,GO
258594,-0.1224,GO
258595,-0.0732,GO
258596,-0.0179,GO
258597,0.0358,GO
258598,0.0858,GO
258599,0.1329,GO
258600,0.1674,GO
258601,0.1866,GO
258602,0.1874,GO
258603,0.1715,GO
258604,0.1495,GO
258605,0.1257,GO
258606,0.1039,GO
258607,0.0873,GO
258608,0.0238,GO
258609,-0.0218,GO
258610,-0.0517,GO
258611,-0.0771,GO
258612,-0.0486,GO
258613,-0.0348,GO
258614,-0.0356,GO
258615,-0.0443,GO
258616,-0.0589,GO
258617,-0.0771,GO
258618,-0.0929,GO
258619,-0.1198,GO
258620,-0.1308,GO
258621,-0.1211,GO
258622,-0.0929,GO
258623,-0.0328,GO
258624,0.0328,GO
258625,0.0955,GO
258626,0.1500,GO
258627,0.1910,GO
258628,0.2071,GO
258629,0.2063,GO
258630,0.1917,GO
258631,0.1697,GO
258632,0.1523,GO
258633,0.1352,GO
258634,0.1193,GO
258635,0.1108,GO
258636,0.0568,GO
258637,0.0195,GO
258638,-0.0064,GO
258639,-0.0335,GO
258640,-0.0125,GO
258641,-0.0079,GO
258642,-0.0166,GO
258643,-0.0330,GO
258644,-0.0548,GO
258645,-0.0686,GO
258646,-0.1469,GO
258647,-0.2076,GO
258648,-0.2488,GO
258649,-0.2811,GO
258650,-0.2291,GO
258651,-0.1746,GO
258652,-0.1172,GO
258653,-0.0586,GO
258654,-0.0005,GO
258655,0.0573,GO
258656,0.1096,GO
258657,0.1518,GO
258658,0.1741,GO
258659,0.1748,GO
258660,0.1595,GO
258661,0.1339,GO
258662,0.1091,GO
258663,0.0860,GO
258664,0.0653,GO
258665,-0.0054,GO
258666,-0.0579,GO
258667,-0.0932,GO
258668,-0.1178,GO
258669,-0.0845,GO
258670,-0.0643,GO
258671,-0.0602,GO
258672,-0.0678,GO
258673,-0.0827,GO
258674,-0.1024,GO
258675,-0.1152,GO
258676,-0.1446,GO
258677,-0.1580,GO
258678,-0.1528,GO
258679,-0.1344,GO
258680,-0.0788,GO
258681,-0.0169,GO
258682,0.0468,GO
258683,0.1073,GO
258684,0.1528,GO
258685,0.1782,GO
258686,0.1810,GO
258687,0.1667,GO
258688,0.1462,GO
258689,0.1249,GO
258690,0.1065,GO
258691,0.0878,GO
258692,0.0737,GO
258693,0.0061,GO
258694,-0.0420,GO
258695,-0.0727,GO
258696,-0.0980,GO
258697,-0.0655,GO
258698,-0.0509,GO
258699,-0.0543,GO
258700,-0.0686,GO
258701,-0.0899,GO
258702,-0.1091,GO
258703,-0.1436,GO
258704,-0.1608,GO
258705,-0.1572,GO
258706,-0.1390,GO
258707,-0.0873,GO
258708,-0.0328,GO
258709,0.0215,GO
258710,0.0737,GO
258711,0.1229,GO
258712,0.1600,GO
258713,0.1766,GO
258714,0.1751,GO
258715,0.1590,GO
258716,0.1347,GO
258717,0.1114,GO
258718,0.0891,GO
258719,0.0686,GO
258720,-0.0003,GO
258721,-0.0489,GO
258722,-0.0801,GO
258723,-0.1044,GO
258724,-0.0737,GO
258725,-0.0604,GO
258726,-0.0635,GO
258727,-0.0748,GO
258728,-0.0914,GO
258729,-0.1103,GO
258730,-0.1411,GO
258731,-0.1638,GO
258732,-0.1690,GO
258733,-0.1554,GO
258734,-0.1106,GO
258735,-0.0556,GO
258736,0.0003,GO
258737,0.0556,GO
258738,0.1078,GO
258739,0.1444,GO
258740,0.1620,GO
258741,0.1610,GO
258742,0.1439,GO
258743,0.1234,GO
258744,0.1050,GO
258745,0.0873,GO
258746,0.0709,GO
258747,0.0622,GO
258748,0.0072,GO
258749,-0.0338,GO
258750,-0.0602,GO
258751,-0.0865,GO
258752,-0.0632,GO
258753,-0.0550,GO
258754,-0.0627,GO
258755,-0.0796,GO
258756,-0.1016,GO
258757,-0.1300,GO
258758,-0.1523,GO
258759,-0.1554,GO
258760,-0.1364,GO
258761,-0.0911,GO
258762,-0.0312,GO
258763,0.0302,GO
258764,0.0860,GO
258765,0.1364,GO
258766,0.1697,GO
258767,0.1838,GO
258768,0.1833,GO
258769,0.1672,GO
258770,0.1472,GO
258771,0.1275,GO
258772,0.1075,GO
258773,0.0891,GO
258774,0.0148,GO
258775,-0.0402,GO
258776,-0.0773,GO
258777,-0.1034,GO
258778,-0.0678,GO
258779,-0.0489,GO
258780,-0.0476,GO
258781,-0.0591,GO
258782,-0.0768,GO
258783,-0.0963,GO
258784,-0.1285,GO
258785,-0.1510,GO
258786,-0.1549,GO
258787,-0.1403,GO
258788,-0.0940,GO
258789,-0.0389,GO
258790,0.0169,GO
258791,0.0724,GO
258792,0.1262,GO
258793,0.1695,GO
258794,0.1966,GO
258795,0.2012,GO
258796,0.1876,GO
258797,0.1649,GO
258798,0.1398,GO
258799,0.1183,GO
258800,0.0996,GO
258801,0.0289,GO
258802,-0.0228,GO
258803,-0.0594,GO
258804,-0.0855,GO
258805,-0.0507,GO
258806,-0.0300,GO
258807,-0.0225,GO
258808,-0.0276,GO
258809,-0.0410,GO
258810,-0.0596,GO
258811,-0.0786,GO
258812,-0.1162,GO
258813,-0.1405,GO
258814,-0.1446,GO
258815,-0.1295,GO
258816,-0.0735,GO
258817,-0.0110,GO
258818,0.0517,GO
258819,0.1116,GO
258820,0.1654,GO
258821,0.2025,GO
258822,0.2204,GO
258823,0.2194,GO
258824,0.2028,GO
258825,0.1825,GO
258826,0.1620,GO
258827,0.1428,GO
258828,0.1247,GO
258829,0.0489,GO
258830,-0.0067,GO
258831,-0.0468,GO
258832,-0.0750,GO
258833,-0.0379,GO
258834,-0.0172,GO
258835,-0.0118,GO
258836,-0.0202,GO
258837,-0.0369,GO
258838,-0.0579,GO
258839,-0.1029,GO
258840,-0.1334,GO
258841,-0.1464,GO
258842,-0.1408,GO
258843,-0.0922,GO
258844,-0.0376,GO
258845,0.0189,GO
258846,0.0753,GO
258847,0.1254,GO
258848,0.1702,GO
258849,0.2010,GO
258850,0.2161,GO
258851,0.2143,GO
258852,0.1989,GO
258853,0.1766,GO
258854,0.1518,GO
258855,0.1298,GO
258856,0.1103,GO
258857,0.0397,GO
258858,-0.0115,GO
258859,-0.0466,GO
258860,-0.0732,GO
258861,-0.0412,GO
258862,-0.0236,GO
258863,-0.0207,GO
258864,-0.0279,GO
258865,-0.0415,GO
258866,-0.0599,GO
258867,-0.0778,GO
258868,-0.1050,GO
258869,-0.1147,GO
258870,-0.1047,GO
258871,-0.0763,GO
258872,-0.0177,GO
258873,0.0443,GO
258874,0.1060,GO
258875,0.1626,GO
258876,0.2015,GO
258877,0.2194,GO
258878,0.2194,GO
258879,0.2040,GO
258880,0.1846,GO
258881,0.1669,GO
258882,0.1492,GO
258883,0.1321,GO
258884,0.1226,GO
258885,0.0556,GO
258886,0.0082,GO
258887,-0.0238,GO
258888,-0.0540,GO
258889,-0.0225,GO
258890,-0.0102,GO
258891,-0.0154,GO
258892,-0.0312,GO
258893,-0.0532,GO
258894,-0.0929,GO
258895,-0.1190,GO
258896,-0.1242,GO
258897,-0.1073,GO
258898,-0.0550,GO
258899,0.0020,GO
258900,0.0576,GO
258901,0.1103,GO
258902,0.1590,GO
258903,0.2025,GO
258904,0.2291,GO
258905,0.2358,GO
258906,0.2273,GO
258907,0.2058,GO
258908,0.1830,GO
258909,0.1613,GO
258910,0.1398,GO
258911,0.1229,GO
258912,0.0604,GO
258913,0.0156,GO
258914,-0.0136,GO
258915,-0.0394,GO
258916,-0.0136,GO
258917,-0.0038,GO
258918,-0.0092,GO
258919,-0.0225,GO
258920,-0.0410,GO
258921,-0.0591,GO
258922,-0.0896,GO
258923,-0.1073,GO
258924,-0.1070,GO
258925,-0.0873,GO
258926,-0.0361,GO
258927,0.0207,GO
258928,0.0783,GO
258929,0.1321,GO
258930,0.1812,GO
258931,0.2181,GO
258932,0.2319,GO
258933,0.2276,GO
258934,0.2081,GO
258935,0.1825,GO
258936,0.1626,GO
258937,0.1436,GO
258938,0.1298,GO
258939,0.0627,GO
258940,0.0164,GO
258941,-0.0136,GO
258942,-0.0387,GO
258943,-0.0056,GO
258944,0.0090,GO
258945,0.0072,GO
258946,-0.0051,GO
258947,-0.0236,GO
258948,-0.0458,GO
258949,-0.0799,GO
258950,-0.0978,GO
258951,-0.0927,GO
258952,-0.0663,GO
258953,-0.0082,GO
258954,0.0553,GO
258955,0.1157,GO
258956,0.1725,GO
258957,0.2222,GO
258958,0.2609,GO
258959,0.2836,GO
258960,0.2895,GO
258961,0.2824,GO
258962,0.2650,GO
258963,0.2450,GO
258964,0.2248,GO
258965,0.2035,GO
258966,0.1859,GO
258967,0.1165,GO
258968,0.0694,GO
258969,0.0389,GO
258970,0.0143,GO
258971,0.0471,GO
258972,0.0591,GO
258973,0.0558,GO
258974,0.0435,GO
258975,0.0256,GO
258976,0.0059,GO
258977,-0.0353,GO
258978,-0.0602,GO
258979,-0.0658,GO
258980,-0.0525,GO
258981,0.0005,GO
258982,0.0576,GO
258983,0.1157,GO
258984,0.1710,GO
258985,0.2207,GO
258986,0.2522,GO
258987,0.2639,GO
258988,0.2593,GO
258989,0.2404,GO
258990,0.2184,GO
258991,0.1971,GO
258992,0.1756,GO
258993,0.1580,GO
258994,0.1446,GO
258995,0.0957,GO
258996,0.0625,GO
258997,0.0387,GO
258998,0.0177,GO
258999,0.0364,GO
259000,0.0404,GO
259001,0.0333,GO
259002,0.0202,GO
259003,-0.0051,GO
259004,-0.0392,GO
259005,-0.0750,GO
259006,-0.0916,GO
259007,-0.0773,GO
259008,-0.0328,GO
259009,0.0346,GO
259010,0.1019,GO
259011,0.1613,GO
259012,0.2112,GO
259013,0.2409,GO
259014,0.2540,GO
259015,0.2506,GO
259016,0.2337,GO
259017,0.2158,GO
259018,0.1948,GO
259019,0.1756,GO
259020,0.1569,GO
259021,0.1444,GO
259022,0.0914,GO
259023,0.0499,GO
259024,0.0210,GO
259025,-0.0074,GO
259026,0.0087,GO
259027,0.0123,GO
259028,0.0026,GO
259029,-0.0151,GO
259030,-0.0358,GO
259031,-0.0707,GO
259032,-0.0945,GO
259033,-0.0991,GO
259034,-0.0876,GO
259035,-0.0425,GO
259036,0.0123,GO
259037,0.0671,GO
259038,0.1221,GO
259039,0.1731,GO
259040,0.2168,GO
259041,0.2458,GO
259042,0.2598,GO
259043,0.2568,GO
259044,0.2404,GO
259045,0.2189,GO
259046,0.1948,GO
259047,0.1710,GO
259048,0.1559,GO
259049,0.1001,GO
259050,0.0609,GO
259051,0.0343,GO
259052,0.0074,GO
259053,0.0271,GO
259054,0.0330,GO
259055,0.0269,GO
259056,0.0138,GO
259057,-0.0054,GO
259058,-0.0248,GO
259059,-0.0566,GO
259060,-0.0786,GO
259061,-0.0814,GO
259062,-0.0666,GO
259063,-0.0197,GO
259064,0.0402,GO
259065,0.1029,GO
259066,0.1646,GO
259067,0.2209,GO
259068,0.2557,GO
259069,0.2706,GO
259070,0.2670,GO
259071,0.2481,GO
259072,0.2281,GO
259073,0.2074,GO
259074,0.1874,GO
259075,0.1697,GO
259076,0.1651,GO
259077,0.1170,GO
259078,0.0804,GO
259079,0.0540,GO
259080,0.0215,GO
259081,0.0353,GO
259082,0.0376,GO
259083,0.0271,GO
259084,0.0092,GO
259085,-0.0118,GO
259086,-0.0550,GO
259087,-0.0817,GO
259088,-0.0888,GO
259089,-0.0758,GO
259090,-0.0215,GO
259091,0.0356,GO
259092,0.0924,GO
259093,0.1482,GO
259094,0.2002,GO
259095,0.2488,GO
259096,0.2803,GO
259097,0.2962,GO
259098,0.2936,GO
259099,0.2755,GO
259100,0.2537,GO
259101,0.2289,GO
259102,0.2066,GO
259103,0.1866,GO
259104,0.1147,GO
259105,0.0625,GO
259106,0.0271,GO
259107,0.0015,GO
259108,0.0351,GO
259109,0.0520,GO
259110,0.0530,GO
259111,0.0428,GO
259112,0.0261,GO
259113,0.0064,GO
259114,-0.0110,GO
259115,-0.0415,GO
259116,-0.0558,GO
259117,-0.0499,GO
259118,-0.0269,GO
259119,0.0289,GO
259120,0.0883,GO
259121,0.1472,GO
259122,0.2089,GO
259123,0.2563,GO
259124,0.2870,GO
259125,0.2967,GO
259126,0.2826,GO
259127,0.2629,GO
259128,0.2401,GO
259129,0.2196,GO
259130,0.1999,GO
259131,0.1876,GO
259132,0.1257,GO
259133,0.0827,GO
259134,0.0538,GO
259135,0.0266,GO
259136,0.0538,GO
259137,0.0645,GO
259138,0.0602,GO
259139,0.0471,GO
259140,0.0276,GO
259141,0.0069,GO
259142,-0.0279,GO
259143,-0.0474,GO
259144,-0.0458,GO
259145,-0.0248,GO
259146,0.0305,GO
259147,0.0911,GO
259148,0.1490,GO
259149,0.2025,GO
259150,0.2522,GO
259151,0.2854,GO
259152,0.3059,GO
259153,0.3077,GO
259154,0.2931,GO
259155,0.2747,GO
259156,0.2516,GO
259157,0.2314,GO
259158,0.2107,GO
259159,0.1948,GO
259160,0.1300,GO
259161,0.0837,GO
259162,0.0535,GO
259163,0.0266,GO
259164,0.0527,GO
259165,0.0617,GO
259166,0.0548,GO
259167,0.0397,GO
259168,0.0197,GO
259169,0.0041,GO
259170,-0.0289,GO
259171,-0.0433,GO
259172,-0.0371,GO
259173,-0.0174,GO
259174,0.0379,GO
259175,0.0947,GO
259176,0.1487,GO
259177,0.1969,GO
259178,0.2289,GO
259179,0.2470,GO
259180,0.2458,GO
259181,0.2296,GO
259182,0.2112,GO
259183,0.1871,GO
259184,0.1654,GO
259185,0.1482,GO
259186,0.0806,GO
259187,0.0305,GO
259188,-0.0049,GO
259189,-0.0312,GO
259190,0.0000,GO
259191,0.0174,GO
259192,0.0202,GO
259193,0.0108,GO
259194,-0.0064,GO
259195,-0.0282,GO
259196,-0.0806,GO
259197,-0.1185,GO
259198,-0.1364,GO
259199,-0.1313,GO
259200,-0.0735,GO
259201,-0.0095,GO
259202,0.0545,GO
259203,0.1152,GO
259204,0.1661,GO
259205,0.2104,GO
259206,0.2396,GO
259207,0.2493,GO
259208,0.2465,GO
259209,0.2296,GO
259210,0.2086,GO
259211,0.1889,GO
259212,0.1690,GO
259213,0.1492,GO
259214,0.1352,GO
259215,0.0778,GO
259216,0.0353,GO
259217,0.0067,GO
259218,-0.0200,GO
259219,0.0000,GO
259220,0.0051,GO
259221,-0.0046,GO
259222,-0.0223,GO
259223,-0.0422,GO
259224,-0.0847,GO
259225,-0.1139,GO
259226,-0.1265,GO
259227,-0.1216,GO
259228,-0.0745,GO
259229,-0.0210,GO
259230,0.0358,GO
259231,0.0904,GO
259232,0.1426,GO
259233,0.1930,GO
259234,0.2281,GO
259235,0.2478,GO
259236,0.2493,GO
259237,0.2322,GO
259238,0.2099,GO
259239,0.1859,GO
259240,0.1628,GO
259241,0.1439,GO
259242,0.0724,GO
259243,0.0230,GO
259244,-0.0082,GO
259245,-0.0346,GO
259246,-0.0013,GO
259247,0.0141,GO
259248,0.0125,GO
259249,0.0028,GO
259250,-0.0128,GO
259251,-0.0333,GO
259252,0.0184,GO
259253,0.0771,GO
259254,0.1431,GO
259255,0.2148,GO
259256,0.2002,GO
259257,0.1800,GO
259258,0.1669,GO
259259,0.1667,GO
259260,0.1920,GO
259261,0.2260,GO
259262,0.2501,GO
259263,0.2550,GO
259264,0.2470,GO
259265,0.2296,GO
259266,0.2074,GO
259267,0.1879,GO
259268,0.1690,GO
259269,0.1518,GO
259270,0.0796,GO
259271,0.0274,GO
259272,-0.0097,GO
259273,-0.0371,GO
259274,-0.0036,GO
259275,0.0125,GO
259276,0.0136,GO
259277,0.0018,GO
259278,-0.0164,GO
259279,-0.0369,GO
259280,-0.0750,GO
259281,-0.0975,GO
259282,-0.1009,GO
259283,-0.0865,GO
259284,-0.0358,GO
259285,0.0195,GO
259286,0.0760,GO
259287,0.1324,GO
259288,0.1871,GO
259289,0.2401,GO
259290,0.2918,GO
259291,0.3418,GO
259292,0.3830,GO
259293,0.4104,GO
259294,0.4134,GO
259295,0.3994,GO
259296,0.3761,GO
259297,0.3492,GO
259298,0.3284,GO
259299,0.3103,GO
259300,0.2934,GO
259301,0.2491,GO
259302,0.2196,GO
259303,0.1976,GO
259304,0.1802,GO
259305,0.1940,GO
259306,0.1946,GO
259307,0.1861,GO
259308,0.1720,GO
259309,0.1536,GO
259310,0.1367,GO
259311,0.0796,GO
259312,0.0387,GO
259313,0.0177,GO
259314,0.0166,GO
259315,0.0781,GO
259316,0.1444,GO
259317,0.2094,GO
259318,0.2708,GO
259319,0.3241,GO
259320,0.3674,GO
259321,0.3994,GO
259322,0.4083,GO
259323,0.4037,GO
259324,0.3878,GO
259325,0.3653,GO
259326,0.3476,GO
259327,0.3297,GO
259328,0.3131,GO
259329,0.2985,GO
259330,0.2465,GO
259331,0.2066,GO
259332,0.1787,GO
259333,0.1562,GO
259334,0.1741,GO
259335,0.1792,GO
259336,0.1702,GO
259337,0.1539,GO
259338,0.1347,GO
259339,0.1203,GO
259340,0.1114,GO
259341,0.1073,GO
259342,0.1073,GO
259343,0.1073,GO
259344,0.1073,GO
259345,0.1073,GO
259346,0.1073,GO
259347,-99.9999,ALARM
259348,-99.9999,ALARM
259349,-99.9999,ALARM
259350,-99.9999,ALARM
259351,-99.9999,ALARM
259352,-99.9999,ALARM
259353,-99.9999,ALARM
259354,-99.9999,ALARM
259355,-99.9999,ALARM
259356,-99.9999,ALARM
259357,-99.9999,ALARM
259358,-99.9999,ALARM
259359,-99.9999,ALARM
259360,-99.9999,ALARM
259361,-99.9999,ALARM
259362,-99.9999,ALARM
259363,-99.9999,ALARM
259364,-99.9999,ALARM
259365,-99.9999,ALARM
259366,-99.9999,ALARM
259367,-99.9999,ALARM
259368,-99.9999,ALARM
259369,-99.9999,ALARM
259370,-99.9999,ALARM
259371,-99.9999,ALARM
259372,-99.9999,ALARM
259373,-99.9999,ALARM
259374,-99.9999,ALARM
259375,-99.9999,ALARM
259376,-99.9999,ALARM
259377,-99.9999,ALARM
259378,-99.9999,ALARM
259379,-99.9999,ALARM
259380,-99.9999,ALARM
259381,-99.9999,ALARM
259382,-99.9999,ALARM
259383,-99.9999,ALARM
259384,-99.9999,ALARM
259385,-99.9999,ALARM
259386,-99.9999,ALARM
259387,-99.9999,ALARM
259388,-99.9999,ALARM
259389,-99.9999,ALARM
259390,-99.9999,ALARM
259391,-99.9999,ALARM
259392,-99.9999,ALARM
259393,-99.9999,ALARM
259394,-99.9999,ALARM
259395,-99.9999,ALARM
259396,-99.9999,ALARM
259397,-99.9999,ALARM
259398,-99.9999,ALARM
259399,-99.9999,ALARM
259400,-99.9999,ALARM
259401,-99.9999,ALARM
259402,-99.9999,ALARM
259403,-99.9999,ALARM
259404,-99.9999,ALARM
259405,-99.9999,ALARM
259406,-99.9999,ALARM
259407,-99.9999,ALARM
259408,-99.9999,ALARM
259409,-99.9999,ALARM
259410,-99.9999,ALARM
259411,-99.9999,ALARM
259412,-99.9999,ALARM
259413,-99.9999,ALARM
259414,-99.9999,ALARM
259415,-99.9999,ALARM
259416,-99.9999,ALARM
259417,-99.9999,ALARM
259418,-99.9999,ALARM
259419,-99.9999,ALARM
259420,-99.9999,ALARM
259421,-99.9999,ALARM
259422,-99.9999,ALARM
259423,-99.9999,ALARM
259424,-99.9999,ALARM
259425,-99.9999,ALARM
259426,-99.9999,ALARM
259427,-99.9999,ALARM
259428,-99.9999,ALARM
259429,-99.9999,ALARM
259430,-99.9999,ALARM
259431,-99.9999,ALARM
259432,-99.9999,ALARM
259433,-99.9999,ALARM
259434,-99.9999,ALARM
259435,-99.9999,ALARM
259436,-99.9999,ALARM
259437,-99.9999,ALARM
259438,-99.9999,ALARM
259439,-99.9999,ALARM
259440,-99.9999,ALARM
259441,-99.9999,ALARM
259442,-99.9999,ALARM
259443,-99.9999,ALARM
259444,-99.9999,ALARM
259445,-99.9999,ALARM
259446,-99.9999,ALARM
259447,-99.9999,ALARM
259448,-99.9999,ALARM
259449,-99.9999,ALARM
259450,-99.9999,ALARM
259451,-99.9999,ALARM
259452,-99.9999,ALARM
259453,-99.9999,ALARM
259454,-99.9999,ALARM
259455,-99.9999,ALARM
259456,-99.9999,ALARM
259457,-99.9999,ALARM
259458,-99.9999,ALARM
259459,-99.9999,ALARM
259460,-99.9999,ALARM
259461,-99.9999,ALARM
259462,-99.9999,ALARM
259463,-99.9999,ALARM
259464,-99.9999,ALARM
259465,-99.9999,ALARM
259466,-99.9999,ALARM
259467,-99.9999,ALARM
259468,-99.9999,ALARM
259469,-99.9999,ALARM
259470,-99.9999,ALARM
259471,-99.9999,ALARM
259472,-99.9999,ALARM
259473,-99.9999,ALARM
259474,-99.9999,ALARM
259475,-99.9999,ALARM
259476,-99.9999,ALARM
259477,-99.9999,ALARM
259478,-99.9999,ALARM
259479,-99.9999,ALARM
259480,-99.9999,ALARM
259481,-99.9999,ALARM
259482,-99.9999,ALARM
259483,-99.9999,ALARM
259484,-99.9999,ALARM
259485,-99.9999,ALARM
259486,-99.9999,ALARM
259487,-99.9999,ALARM
259488,-99.9999,ALARM
259489,-99.9999,ALARM
259490,-99.9999,ALARM
259491,-99.9999,ALARM
259492,-99.9999,ALARM
259493,-99.9999,ALARM
259494,-99.9999,ALARM
259495,-99.9999,ALARM
259496,-99.9999,ALARM
259497,-99.9999,ALARM
259498,-99.9999,ALARM
259499,-99.9999,ALARM
259500,-99.9999,ALARM
259501,-99.9999,ALARM
259502,-99.9999,ALARM
259503,-99.9999,ALARM
259504,-99.9999,ALARM
259505,-99.9999,ALARM
259506,-99.9999,ALARM
259507,-99.9999,ALARM
259508,-1.8575,GO
259509,-1.8575,GO
259510,-1.8575,GO
259511,-1.8575,GO
259512,-1.8575,GO
259513,-1.8575,GO
259514,-99.9999,ALARM
259515,-99.9999,ALARM
259516,-99.9999,ALARM
259517,-99.9999,ALARM
259518,-99.9999,ALARM
259519,-99.9999,ALARM
259520,-99.9999,ALARM
259521,-99.9999,ALARM
259522,-99.9999,ALARM
259523,-99.9999,ALARM
259524,-99.9999,ALARM
259525,-99.9999,ALARM
259526,-99.9999,ALARM
259527,-99.9999,ALARM
259528,-99.9999,ALARM
259529,-99.9999,ALARM
259530,-99.9999,ALARM
259531,-99.9999,ALARM
259532,-99.9999,ALARM
259533,-99.9999,ALARM
259534,-99.9999,ALARM
259535,-99.9999,ALARM
259536,-99.9999,ALARM
259537,-99.9999,ALARM
259538,-99.9999,ALARM
259539,-99.9999,ALARM
259540,-99.9999,ALARM
259541,-99.9999,ALARM
259542,-99.9999,ALARM
259543,-99.9999,ALARM
259544,-99.9999,ALARM
259545,-99.9999,ALARM
259546,-99.9999,ALARM
259547,-99.9999,ALARM
259548,-99.9999,ALARM
259549,-99.9999,ALARM
259550,-99.9999,ALARM
259551,-99.9999,ALARM
259552,-99.9999,ALARM
259553,-99.9999,ALARM
259554,-99.9999,ALARM
259555,-99.9999,ALARM
259556,-99.9999,ALARM
259557,-99.9999,ALARM
259558,-99.9999,ALARM
259559,-99.9999,ALARM
259560,-99.9999,ALARM
259561,-99.9999,ALARM
259562,-99.9999,ALARM
259563,-99.9999,ALARM
259564,-99.9999,ALARM
259565,-99.9999,ALARM
259566,-99.9999,ALARM
259567,-99.9999,ALARM
259568,-99.9999,ALARM
259569,-99.9999,ALARM
259570,-99.9999,ALARM
259571,-99.9999,ALARM
259572,-99.9999,ALARM
259573,-99.9999,ALARM
259574,-99.9999,ALARM
259575,-99.9999,ALARM
259576,-99.9999,ALARM
259577,-99.9999,ALARM
259578,-99.9999,ALARM
259579,-99.9999,ALARM
259580,-99.9999,ALARM
259581,-99.9999,ALARM
259582,-99.9999,ALARM
259583,-99.9999,ALARM
259584,-99.9999,ALARM
259585,-99.9999,ALARM
259586,-99.9999,ALARM
259587,-99.9999,ALARM
259588,-99.9999,ALARM
259589,-99.9999,ALARM
259590,-99.9999,ALARM
259591,-99.9999,ALARM
259592,-99.9999,ALARM
259593,-99.9999,ALARM
259594,-99.9999,ALARM
259595,-99.9999,ALARM
259596,-99.9999,ALARM
259597,-99.9999,ALARM
259598,-99.9999,ALARM
259599,-99.9999,ALARM
259600,-99.9999,ALARM
259601,-99.9999,ALARM
259602,-99.9999,ALARM
259603,-99.9999,ALARM
259604,-99.9999,ALARM
259605,-99.9999,ALARM
259606,-99.9999,ALARM
259607,-99.9999,ALARM
259608,-99.9999,ALARM
259609,-99.9999,ALARM
259610,-99.9999,ALARM
259611,-99.9999,ALARM
259612,-99.9999,ALARM
259613,-99.9999,ALARM
259614,-99.9999,ALARM
259615,-99.9999,ALARM
259616,-99.9999,ALARM
259617,-99.9999,ALARM
259618,-99.9999,ALARM
259619,-99.9999,ALARM
259620,-99.9999,ALARM
259621,-99.9999,ALARM
259622,-99.9999,ALARM
259623,-99.9999,ALARM
259624,-99.9999,ALARM
259625,-99.9999,ALARM
259626,-99.9999,ALARM
259627,-99.9999,ALARM
259628,-99.9999,ALARM
259629,-99.9999,ALARM
259630,-99.9999,ALARM
259631,-99.9999,ALARM
259632,-99.9999,ALARM
259633,-99.9999,ALARM
259634,-99.9999,ALARM
259635,-99.9999,ALARM
259636,-99.9999,ALARM
259637,-99.9999,ALARM
259638,-99.9999,ALARM
259639,-99.9999,ALARM
259640,-99.9999,ALARM
259641,-99.9999,ALARM
259642,-99.9999,ALARM
259643,-99.9999,ALARM
259644,-99.9999,ALARM
259645,-99.9999,ALARM
259646,-99.9999,ALARM
259647,-99.9999,ALARM
259648,-99.9999,ALARM
259649,-99.9999,ALARM
259650,-99.9999,ALARM
259651,-99.9999,ALARM
259652,-99.9999,ALARM
259653,-99.9999,ALARM
259654,-99.9999,ALARM
259655,-99.9999,ALARM
259656,-99.9999,ALARM
259657,-99.9999,ALARM
259658,-99.9999,ALARM
259659,-99.9999,ALARM
259660,-99.9999,ALARM
259661,-99.9999,ALARM
259662,-99.9999,ALARM
259663,-99.9999,ALARM
259664,-99.9999,ALARM
259665,-99.9999,ALARM
259666,-99.9999,ALARM
259667,-99.9999,ALARM
259668,-99.9999,ALARM
259669,-99.9999,ALARM
259670,-99.9999,ALARM
259671,-99.9999,ALARM
259672,-99.9999,ALARM
259673,-99.9999,ALARM
259674,-99.9999,ALARM
259675,-99.9999,ALARM
259676,-99.9999,ALARM
259677,-99.9999,ALARM
259678,-99.9999,ALARM
259679,-99.9999,ALARM
259680,-99.9999,ALARM
259681,-99.9999,ALARM
259682,-99.9999,ALARM
259683,-99.9999,ALARM
259684,-99.9999,ALARM
259685,-99.9999,ALARM
259686,-99.9999,ALARM
259687,-99.9999,ALARM
259688,-99.9999,ALARM
259689,-99.9999,ALARM
259690,-99.9999,ALARM
259691,-99.9999,ALARM
259692,-99.9999,ALARM
259693,-99.9999,ALARM
259694,-99.9999,ALARM
259695,-99.9999,ALARM
259696,-99.9999,ALARM
259697,-99.9999,ALARM
259698,-99.9999,ALARM
259699,-99.9999,ALARM
259700,-99.9999,ALARM
259701,-99.9999,ALARM
259702,-99.9999,ALARM
259703,-99.9999,ALARM
259704,-99.9999,ALARM
259705,-99.9999,ALARM
259706,-99.9999,ALARM
259707,-99.9999,ALARM
259708,-99.9999,ALARM
259709,-99.9999,ALARM
259710,-99.9999,ALARM
259711,-99.9999,ALARM
259712,-99.9999,ALARM
259713,-99.9999,ALARM
259714,-99.9999,ALARM
259715,-99.9999,ALARM
259716,-99.9999,ALARM
259717,-99.9999,ALARM
259718,-99.9999,ALARM
259719,-99.9999,ALARM
259720,-99.9999,ALARM
259721,-99.9999,ALARM
259722,-99.9999,ALARM
259723,-99.9999,ALARM
259724,-99.9999,ALARM
259725,-99.9999,ALARM
259726,-99.9999,ALARM
259727,-99.9999,ALARM
259728,-99.9999,ALARM
259729,-99.9999,ALARM
259730,-99.9999,ALARM
259731,-99.9999,ALARM
259732,-99.9999,ALARM
259733,-99.9999,ALARM
259734,-99.9999,ALARM
259735,-99.9999,ALARM
259736,-99.9999,ALARM
259737,-99.9999,ALARM
259738,-99.9999,ALARM
259739,-99.9999,ALARM
259740,-99.9999,ALARM
259741,-99.9999,ALARM
259742,-99.9999,ALARM
259743,-99.9999,ALARM
259744,-99.9999,ALARM
259745,-99.9999,ALARM
259746,-99.9999,ALARM
259747,-99.9999,ALARM
259748,-99.9999,ALARM
259749,-99.9999,ALARM
259750,-99.9999,ALARM
259751,-99.9999,ALARM
259752,-99.9999,ALARM
259753,-99.9999,ALARM
259754,-99.9999,ALARM
259755,-99.9999,ALARM
259756,-99.9999,ALARM
259757,-99.9999,ALARM
259758,-99.9999,ALARM
259759,-99.9999,ALARM
259760,-99.9999,ALARM
259761,-99.9999,ALARM
259762,-99.9999,ALARM
259763,-99.9999,ALARM
259764,-99.9999,ALARM
259765,-99.9999,ALARM
259766,-99.9999,ALARM
259767,-99.9999,ALARM
259768,-99.9999,ALARM
